2025-09-16_19-38-45,None,draft.py:2025-09-16_19-38-45
2025-09-16_19-38-47,None,draft.py:2025-09-16_19-38-45
2025-09-16_20-03-28,None,draft.py:2025-09-16_20-03-28
2025-09-16_20-03-40,None,draft.py:2025-09-16_20-03-40
2025-09-18_01-03-00,None,draft.py:2025-09-18_01-03-00
2025-09-26_02-54-52,None,draft.py:2025-09-26_02-54-52
2025-09-26_02-55-05,None,draft.py:2025-09-26_02-54-52
2025-09-26_02-55-07,None,draft.py:2025-09-26_02-54-52
2025-09-26_03-01-00,None,draft.py:2025-09-26_03-01-00
2025-09-26_03-51-51,None,draft.py:2025-09-26_03-51-51
2025-09-27_17-02-15,None,draft.py:2025-09-27_17-02-15
2025-09-27_17-02-29,None,draft.py:2025-09-27_17-02-15
2025-09-27_17-10-47,None,draft.py:2025-09-27_17-10-47
2025-09-27_18-11-18,None,draft.py:2025-09-27_18-11-18
2025-09-27_18-11-58,None,draft.py:2025-09-27_18-11-58
2025-09-27_18-12-10,None,draft.py:2025-09-27_18-12-10
2025-09-27_18-12-11,None,draft.py:2025-09-27_18-12-10
2025-09-27_18-12-11,None,draft.py:2025-09-27_18-12-10
2025-09-27_18-12-11,None,draft.py:2025-09-27_18-12-10
2025-09-27_18-12-12,None,draft.py:2025-09-27_18-12-10
2025-09-27_18-12-12,None,draft.py:2025-09-27_18-12-10
2025-09-27_18-12-12,None,draft.py:2025-09-27_18-12-10
2025-09-27_18-13-14,None,draft.py:2025-09-27_18-13-14
2025-09-27_18-13-15,None,draft.py:2025-09-27_18-13-14
2025-09-27_18-13-16,None,draft.py:2025-09-27_18-13-14
2025-09-27_18-13-37,None,draft.py:2025-09-27_18-13-37
2025-09-27_18-13-44,None,draft.py:2025-09-27_18-13-44
2025-09-27_18-28-33,None,draft.py:2025-09-27_18-28-33
2025-09-27_18-28-33,None,draft.py:2025-09-27_18-28-33
2025-09-27_18-28-34,None,draft.py:2025-09-27_18-28-34
2025-09-27_18-28-34,None,draft.py:2025-09-27_18-28-34
2025-09-27_18-28-34,None,draft.py:2025-09-27_18-28-34
2025-09-27_18-28-35,None,draft.py:2025-09-27_18-28-34
2025-09-27_18-28-36,None,draft.py:2025-09-27_18-28-34
2025-09-27_18-28-36,None,draft.py:2025-09-27_18-28-34
2025-09-27_18-28-36,None,draft.py:2025-09-27_18-28-34
2025-09-27_18-28-37,None,draft.py:2025-09-27_18-28-34
2025-09-27_18-28-37,None,draft.py:2025-09-27_18-28-34
2025-09-27_18-28-37,None,draft.py:2025-09-27_18-28-34
2025-09-27_18-28-37,None,draft.py:2025-09-27_18-28-34
2025-09-27_18-28-37,None,draft.py:2025-09-27_18-28-34
2025-09-27_18-28-37,None,draft.py:2025-09-27_18-28-34
2025-09-27_18-28-37,None,draft.py:2025-09-27_18-28-34
2025-09-27_18-28-37,None,draft.py:2025-09-27_18-28-34
2025-09-27_18-28-38,None,draft.py:2025-09-27_18-28-34
2025-09-27_18-28-38,None,draft.py:2025-09-27_18-28-34
2025-09-27_18-28-38,None,draft.py:2025-09-27_18-28-34
2025-09-27_18-28-38,None,draft.py:2025-09-27_18-28-34
2025-09-27_18-28-38,None,draft.py:2025-09-27_18-28-34
2025-09-27_18-28-38,None,draft.py:2025-09-27_18-28-34
2025-09-27_18-28-38,None,draft.py:2025-09-27_18-28-34
2025-09-27_18-28-39,None,draft.py:2025-09-27_18-28-34
2025-09-27_18-28-39,None,draft.py:2025-09-27_18-28-34
2025-09-27_18-28-39,None,draft.py:2025-09-27_18-28-34
2025-09-27_18-28-40,None,draft.py:2025-09-27_18-28-34
2025-09-27_18-28-40,None,draft.py:2025-09-27_18-28-34
2025-09-27_18-28-41,None,draft.py:2025-09-27_18-28-34
2025-09-27_18-28-41,None,draft.py:2025-09-27_18-28-34
2025-09-27_18-28-41,None,draft.py:2025-09-27_18-28-34
2025-09-27_18-28-41,None,draft.py:2025-09-27_18-28-34
2025-09-27_18-50-43,None,draft.py:2025-09-27_18-50-43
2025-09-27_18-52-02,None,draft.py:2025-09-27_18-52-02
2025-09-27_18-52-03,None,draft.py:2025-09-27_18-52-02
2025-09-27_18-52-03,None,draft.py:2025-09-27_18-52-02
2025-09-27_18-52-03,None,draft.py:2025-09-27_18-52-02
2025-09-27_18-52-19,None,draft.py:2025-09-27_18-52-02
2025-09-27_18-54-57,None,draft.py:2025-09-27_18-52-02
2025-09-27_18-54-58,None,draft.py:2025-09-27_18-52-02
2025-09-27_18-54-58,None,draft.py:2025-09-27_18-52-02
2025-09-27_18-54-58,None,draft.py:2025-09-27_18-52-02
2025-09-27_18-54-58,None,draft.py:2025-09-27_18-52-02
2025-09-27_18-54-59,None,draft.py:2025-09-27_18-52-02
2025-09-27_18-54-59,None,draft.py:2025-09-27_18-52-02
2025-09-27_18-54-59,None,draft.py:2025-09-27_18-52-02
2025-09-27_19-00-21,None,draft.py:2025-09-27_18-52-02
2025-09-27_19-04-58,None,draft.py:2025-09-27_19-04-58
2025-09-28_17-29-24,None,draft.py:2025-09-28_17-29-24
2025-09-28_17-29-33,None,draft.py:2025-09-28_17-29-24
2025-09-29_19-04-52,None,draft.py:2025-09-28_17-29-24
2025-09-29_19-09-37,None,draft.py:2025-09-28_17-29-24;oi.py:2025-09-29_19-09-37
2025-09-29_19-10-26,None,draft.py:2025-09-29_19-10-26;oi.py:2025-09-29_19-09-37
2025-09-29_19-35-31,None,draft.py:2025-09-29_19-35-31
2025-09-29_19-35-33,None,draft.py:2025-09-29_19-35-31
2025-09-29_19-35-54,None,draft.py:2025-09-29_19-35-54
2025-09-29_19-35-54,None,draft.py:2025-09-29_19-35-54
2025-10-02_04-43-30,None,draft.py:2025-10-02_04-43-30
2025-10-03_03-30-46,None,draft.py:2025-10-03_03-30-46
2025-10-03_03-30-47,None,draft.py:2025-10-03_03-30-46
2025-10-03_03-31-55,None,draft.py:2025-10-03_03-31-55
