2025-09-18_01-12-30,None,draft.py:2025-09-18_01-12-30
2025-09-18_02-02-29,None,draft.py:2025-09-18_01-12-30
2025-09-18_02-18-10,None,draft.py:2025-09-18_01-12-30
2025-09-26_01-53-18,None,draft.py:2025-09-18_01-12-30
2025-09-26_01-53-19,None,draft.py:2025-09-18_01-12-30
2025-09-26_01-53-20,None,draft.py:2025-09-18_01-12-30
2025-09-26_01-53-20,None,draft.py:2025-09-18_01-12-30
2025-09-26_01-53-21,None,draft.py:2025-09-18_01-12-30
2025-09-26_01-53-21,None,draft.py:2025-09-18_01-12-30
2025-09-26_01-53-22,None,draft.py:2025-09-18_01-12-30
2025-09-26_01-53-22,None,draft.py:2025-09-18_01-12-30
2025-09-26_01-53-22,None,draft.py:2025-09-18_01-12-30
2025-09-26_01-53-23,None,draft.py:2025-09-18_01-12-30
2025-09-26_01-53-23,None,draft.py:2025-09-18_01-12-30
2025-09-26_01-53-23,None,draft.py:2025-09-18_01-12-30
2025-09-26_01-53-24,None,draft.py:2025-09-18_01-12-30
2025-09-26_01-53-24,None,draft.py:2025-09-18_01-12-30
2025-09-26_01-53-24,None,draft.py:2025-09-18_01-12-30
2025-09-26_01-54-22,None,draft.py:2025-09-26_01-54-22
2025-09-26_02-08-32,None,draft.py:2025-09-26_01-54-22
2025-09-26_02-20-10,None,draft.py:2025-09-26_02-20-10
2025-09-26_02-20-17,None,draft.py:2025-09-26_02-20-17
2025-09-26_02-20-30,None,draft.py:2025-09-26_02-20-30
2025-09-26_02-27-51,None,draft.py:2025-09-26_02-27-51
2025-09-26_02-28-58,None,draft.py:2025-09-26_02-28-58
